Round,Wk,Day,Date,Time,Home,Score,Away,Attendance,Venue,Referee,Match Report,Notes
Regular Season,1,Fri,2017-07-14,18:00,Wisła Płock,0–2,Lechia Gdańsk,6889,Stadion im. Kazimierza Górskiego,Jarosław Przybył,Match Report,
Regular Season,1,Fri,2017-07-14,20:30,Pogoń Szczecin,1–2,Wisła Kraków,8289,Stadion Miejski im. Floriana Krygiera,Paweł Raczkowski,Match Report,
Regular Season,1,Sat,2017-07-15,18:00,Cracovia,1–1,Piast Gliwice,8109,Stadion Miejski Legii Warszawa im. Marsz...,Tomasz Kwiatkowski,Match Report,
Regular Season,1,Sat,2017-07-15,20:30,Górnik Zabrze,3–1,Legia Warsaw,22708,Arena Zabrze,Tomasz Musiał,Match Report,
Regular Season,1,Sun,2017-07-16,15:30,Arka Gdynia,2–0,Śląsk Wrocław,10083,Stadion GOSiR,Daniel Stefański,Match Report,
Regular Season,1,Sun,2017-07-16,15:30,Nieciecza,0–1,Jagiellonia,3977,Stadion Bruk-Bet,Krzysztof Jakubik,Match Report,
Regular Season,1,Sun,2017-07-16,18:00,Lech Poznań,0–0,Nowy Sącz,18677,INEA stadion,Paweł Gil,Match Report,
Regular Season,1,Mon,2017-07-17,18:00,Korona Kielce,0–1,Zagłębie Lubin,6463,Kolporter Arena,Szymon Marciniak,Match Report,
,,,,,,,,,,,,
Regular Season,2,Fri,2017-07-21,18:00,Nowy Sącz,0–0,Arka Gdynia,2646,Stadion Bruk-Bet,Bartosz Frankowski,Match Report,
Regular Season,2,Fri,2017-07-21,20:30,Wisła Kraków,1–0,Nieciecza,11811,Stadion Miejski im. Henryka Reymana,Jarosław Przybył,Match Report,
Regular Season,2,Sat,2017-07-22,15:30,Piast Gliwice,1–2,Pogoń Szczecin,4555,Stadion Miejski,Mariusz Zlotek,Match Report,
Regular Season,2,Sat,2017-07-22,18:00,Lechia Gdańsk,0–1,Cracovia,15624,Stadion Energa Gdańsk,Szymon Marciniak,Match Report,
Regular Season,2,Sat,2017-07-22,20:30,Legia Warsaw,1–1,Korona Kielce,15041,Stadion Miejski Legii Warszawa im. Marsz...,Daniel Stefański,Match Report,
Regular Season,2,Sun,2017-07-23,15:30,Wisła Płock,1–0,Lech Poznań,6511,Stadion im. Kazimierza Górskiego,Paweł Gil,Match Report,
Regular Season,2,Sun,2017-07-23,18:00,Jagiellonia,2–1,Górnik Zabrze,11236,Stadion Miejski,Paweł Raczkowski,Match Report,
Regular Season,2,Mon,2017-07-24,18:00,Zagłębie Lubin,1–0,Śląsk Wrocław,8251,Stadion Zagłębia Lubin,Tomasz Kwiatkowski,Match Report,
,,,,,,,,,,,,
Regular Season,3,Fri,2017-07-28,18:00,Nieciecza,1–1,Zagłębie Lubin,3105,Stadion Bruk-Bet,Paweł Gil,Match Report,
Regular Season,3,Fri,2017-07-28,20:30,Śląsk Wrocław,3–2,Lechia Gdańsk,13495,Stadion Miejski,Tomasz Musiał,Match Report,
Regular Season,3,Sat,2017-07-29,18:00,Legia Warsaw,2–0,Nowy Sącz,14393,Stadion Miejski Legii Warszawa im. Marsz...,Tomasz Kwiatkowski,Match Report,
Regular Season,3,Sat,2017-07-29,20:30,Górnik Zabrze,3–2,Wisła Kraków,22708,Arena Zabrze,Szymon Marciniak,Match Report,
Regular Season,3,Sun,2017-07-30,15:30,Pogoń Szczecin,0–1,Jagiellonia,8356,Stadion Miejski im. Floriana Krygiera,Jarosław Przybył,Match Report,
Regular Season,3,Sun,2017-07-30,15:30,Arka Gdynia,1–1,Wisła Płock,8142,Stadion GOSiR,Paweł Raczkowski,Match Report,
Regular Season,3,Sun,2017-07-30,18:00,Lech Poznań,5–1,Piast Gliwice,13783,INEA stadion,Daniel Stefański,Match Report,
Regular Season,3,Mon,2017-07-31,18:00,Korona Kielce,4–2,Cracovia,8270,Kolporter Arena,Krzysztof Jakubik,Match Report,
,,,,,,,,,,,,
Regular Season,4,Fri,2017-08-04,18:00,Piast Gliwice,1–1,Śląsk Wrocław,4273,Stadion Miejski,Paweł Raczkowski,Match Report,
Regular Season,4,Fri,2017-08-04,20:30,Wisła Płock,0–1,Wisła Kraków,5501,Stadion im. Kazimierza Górskiego,Bartosz Frankowski,Match Report,
Regular Season,4,Sat,2017-08-05,15:30,Lechia Gdańsk,1–1,Górnik Zabrze,14567,Stadion Energa Gdańsk,Daniel Stefański,Match Report,
Regular Season,4,Sat,2017-08-05,18:00,Zagłębie Lubin,3–0,Pogoń Szczecin,6089,Stadion Zagłębia Lubin,Piotr Lasyk,Match Report,
Regular Season,4,Sat,2017-08-05,20:30,Nieciecza,1–0,Legia Warsaw,4561,Stadion Bruk-Bet,Mariusz Zlotek,Match Report,
Regular Season,4,Sun,2017-08-06,15:30,Jagiellonia,1–3,Nowy Sącz,11399,Stadion Miejski,Szymon Marciniak,Match Report,
Regular Season,4,Sun,2017-08-06,18:00,Cracovia,0–2,Lech Poznań,9114,Stadion Cracovii,Jarosław Przybył,Match Report,
Regular Season,4,Mon,2017-08-07,18:00,Arka Gdynia,0–0,Korona Kielce,7932,Stadion GOSiR,Tomasz Kwiatkowski,Match Report,
,,,,,,,,,,,,
Regular Season,5,Fri,2017-08-11,20:30,Legia Warsaw,3–1,Piast Gliwice,13708,Stadion Miejski Legii Warszawa im. Marsz...,Bartosz Frankowski,Match Report,
Regular Season,5,Sat,2017-08-12,15:30,Nowy Sącz,0–1,Wisła Płock,2070,Stadion Bruk-Bet,Mariusz Zlotek,Match Report,
Regular Season,5,Sat,2017-08-12,18:00,Lech Poznań,1–1,Zagłębie Lubin,15121,INEA stadion,Szymon Marciniak,Match Report,
Regular Season,5,Sat,2017-08-12,20:30,Wisła Kraków,2–1,Cracovia,25523,Stadion Miejski im. Henryka Reymana,Daniel Stefański,Match Report,
Regular Season,5,Sun,2017-08-13,15:30,Górnik Zabrze,1–1,Arka Gdynia,4829,Arena Zabrze,Paweł Gil,Match Report,
Regular Season,5,Sun,2017-08-13,18:00,Korona Kielce,2–3,Jagiellonia,9460,Kolporter Arena,Tomasz Musiał,Match Report,
Regular Season,5,Mon,2017-08-14,18:00,Pogoń Szczecin,0–0,Lechia Gdańsk,8320,Stadion Miejski im. Floriana Krygiera,Tomasz Kwiatkowski,Match Report,
Regular Season,5,Tue,2017-08-15,15:30,Śląsk Wrocław,1–1,Nieciecza,11050,Stadion Miejski,Krzysztof Jakubik,Match Report,
,,,,,,,,,,,,
Regular Season,6,Fri,2017-08-18,18:00,Lechia Gdańsk,2–3,Nowy Sącz,11019,Stadion Energa Gdańsk,Bartosz Frankowski,Match Report,
Regular Season,6,Fri,2017-08-18,20:30,Cracovia,3–3,Górnik Zabrze,8346,Stadion Cracovii,Paweł Raczkowski,Match Report,
Regular Season,6,Sat,2017-08-19,15:30,Arka Gdynia,0–3,Pogoń Szczecin,9074,Stadion GOSiR,Szymon Marciniak,Match Report,
Regular Season,6,Sat,2017-08-19,18:00,Piast Gliwice,2–0,Korona Kielce,4879,Stadion Miejski,Jarosław Przybył,Match Report,
Regular Season,6,Sat,2017-08-19,20:30,Jagiellonia,1–1,Śląsk Wrocław,10437,Stadion Miejski,Tomasz Kwiatkowski,Match Report,
Regular Season,6,Sun,2017-08-20,15:30,Wisła Płock,0–1,Legia Warsaw,9718,Stadion im. Kazimierza Górskiego,Daniel Stefański,Match Report,
Regular Season,6,Sun,2017-08-20,18:00,Nieciecza,1–3,Lech Poznań,4381,Stadion Bruk-Bet,Tomasz Musiał,Match Report,
Regular Season,6,Mon,2017-08-21,18:00,Zagłębie Lubin,3–0,Wisła Kraków,8081,Stadion Zagłębia Lubin,Krzysztof Jakubik,Match Report,
,,,,,,,,,,,,
Regular Season,7,Fri,2017-08-25,18:00,Górnik Zabrze,4–0,Wisła Płock,20054,Arena Zabrze,Tomasz Musiał,Match Report,
Regular Season,7,Fri,2017-08-25,20:30,Śląsk Wrocław,2–1,Cracovia,8967,Stadion Miejski,Szymon Marciniak,Match Report,
Regular Season,7,Sat,2017-08-26,15:30,Korona Kielce,2–1,Nieciecza,6475,Kolporter Arena,Piotr Lasyk,Match Report,
Regular Season,7,Sat,2017-08-26,18:00,Jagiellonia,0–1,Piast Gliwice,10658,Stadion Miejski,Krzysztof Jakubik,Match Report,
Regular Season,7,Sat,2017-08-26,20:30,Wisła Kraków,1–1,Lechia Gdańsk,9131,Stadion Miejski im. Henryka Reymana,Mariusz Zlotek,Match Report,
Regular Season,7,Sun,2017-08-27,15:30,Nowy Sącz,2–1,Pogoń Szczecin,2240,Stadion Bruk-Bet,Jarosław Przybył,Match Report,
Regular Season,7,Sun,2017-08-27,15:30,Lech Poznań,3–0,Arka Gdynia,20574,INEA stadion,Tomasz Kwiatkowski,Match Report,
Regular Season,7,Sun,2017-08-27,18:00,Legia Warsaw,2–1,Zagłębie Lubin,14941,Stadion Miejski Legii Warszawa im. Marsz...,Bartosz Frankowski,Match Report,
,,,,,,,,,,,,
Regular Season,8,Fri,2017-09-08,18:00,Zagłębie Lubin,2–2,Wisła Płock,5178,Stadion Zagłębia Lubin,Zbigniew Dobrynin,Match Report,
Regular Season,8,Fri,2017-09-08,20:30,Arka Gdynia,3–1,Wisła Kraków,7718,Stadion GOSiR,Bartosz Frankowski,Match Report,
Regular Season,8,Sat,2017-09-09,15:30,Korona Kielce,1–0,Nowy Sącz,7750,Kolporter Arena,Daniel Stefański,Match Report,
Regular Season,8,Sat,2017-09-09,18:00,Śląsk Wrocław,2–1,Legia Warsaw,24086,Stadion Miejski,Jarosław Przybył,Match Report,
Regular Season,8,Sat,2017-09-09,20:30,Cracovia,1–1,Jagiellonia,7262,Stadion Cracovii,Paweł Gil,Match Report,
Regular Season,8,Sun,2017-09-10,15:30,Nieciecza,1–2,Górnik Zabrze,3519,Stadion Bruk-Bet,Mariusz Zlotek,Match Report,
Regular Season,8,Sun,2017-09-10,18:00,Pogoń Szczecin,0–0,Lech Poznań,10695,Stadion Miejski im. Floriana Krygiera,Szymon Marciniak,Match Report,
Regular Season,8,Mon,2017-09-11,18:00,Piast Gliwice,1–2,Lechia Gdańsk,5140,Stadion Miejski,Paweł Raczkowski,Match Report,
,,,,,,,,,,,,
Regular Season,9,Fri,2017-09-15,18:00,Arka Gdynia,1–1,Zagłębie Lubin,7357,Stadion GOSiR,Tomasz Musiał,Match Report,
Regular Season,9,Fri,2017-09-15,20:30,Lech Poznań,1–0,Korona Kielce,20581,INEA stadion,Daniel Stefański,Match Report,
Regular Season,9,Sat,2017-09-16,15:30,Wisła Płock,3–1,Pogoń Szczecin,3111,Stadion im. Kazimierza Górskiego,Paweł Raczkowski,Match Report,
Regular Season,9,Sat,2017-09-16,18:00,Górnik Zabrze,2–2,Śląsk Wrocław,22708,Arena Zabrze,Tomasz Kwiatkowski,Match Report,
Regular Season,9,Sat,2017-09-16,20:30,Wisła Kraków,2–0,Piast Gliwice,10822,Stadion Miejski im. Henryka Reymana,Krzysztof Jakubik,Match Report,
Regular Season,9,Sun,2017-09-17,15:30,Nowy Sącz,1–0,Nieciecza,2644,Stadion im. Ojca Władysława Augustynka,Paweł Gil,Match Report,
Regular Season,9,Sun,2017-09-17,18:00,Legia Warsaw,1–0,Cracovia,16585,Stadion Miejski Legii Warszawa im. Marsz...,Szymon Marciniak,Match Report,
Regular Season,9,Mon,2017-09-18,18:00,Lechia Gdańsk,3–3,Jagiellonia,15135,Stadion Energa Gdańsk,Łukasz Szczech,Match Report,
,,,,,,,,,,,,
Regular Season,10,Fri,2017-09-22,18:00,Piast Gliwice,0–1,Arka Gdynia,3850,Stadion Miejski,Mariusz Zlotek,Match Report,
Regular Season,10,Fri,2017-09-22,20:30,Śląsk Wrocław,2–0,Lech Poznań,22075,Stadion Miejski,Paweł Gil,Match Report,
Regular Season,10,Sat,2017-09-23,15:30,Nieciecza,2–1,Lechia Gdańsk,2178,Stadion Bruk-Bet,Tomasz Musiał,Match Report,
Regular Season,10,Sat,2017-09-23,18:00,Pogoń Szczecin,1–2,Górnik Zabrze,4548,Stadion Miejski im. Floriana Krygiera,Krzysztof Jakubik,Match Report,
Regular Season,10,Sat,2017-09-23,20:30,Korona Kielce,2–1,Wisła Kraków,7651,Kolporter Arena,Paweł Raczkowski,Match Report,
Regular Season,10,Sun,2017-09-24,15:30,Zagłębie Lubin,1–0,Nowy Sącz,5473,Stadion Zagłębia Lubin,Dominik Sulikowski,Match Report,
Regular Season,10,Sun,2017-09-24,18:00,Jagiellonia,1–0,Legia Warsaw,17894,Stadion Miejski,Bartosz Frankowski,Match Report,
Regular Season,10,Mon,2017-09-25,18:00,Cracovia,1–3,Wisła Płock,4803,Stadion Cracovii,Jarosław Przybył,Match Report,
,,,,,,,,,,,,
Regular Season,11,Fri,2017-09-29,18:00,Nowy Sącz,1–1,Śląsk Wrocław,1341,Stadion im. Ojca Władysława Augustynka,Mariusz Zlotek,Match Report,
Regular Season,11,Fri,2017-09-29,20:30,Arka Gdynia,1–1,Cracovia,8541,Stadion GOSiR,Łukasz Szczech,Match Report,
Regular Season,11,Sat,2017-09-30,15:30,Lechia Gdańsk,1–0,Zagłębie Lubin,9399,Stadion Energa Gdańsk,Bartosz Frankowski,Match Report,
Regular Season,11,Sat,2017-09-30,18:00,Pogoń Szczecin,0–0,Korona Kielce,5595,Stadion Miejski im. Floriana Krygiera,Zbigniew Dobrynin,Match Report,
Regular Season,11,Sat,2017-09-30,20:30,Wisła Kraków,0–0,Jagiellonia,11056,Stadion Miejski im. Henryka Reymana,Tomasz Kwiatkowski,Match Report,
Regular Season,11,Sun,2017-10-01,15:30,Górnik Zabrze,1–0,Piast Gliwice,22708,Arena Zabrze,Piotr Lasyk,Match Report,
Regular Season,11,Sun,2017-10-01,15:30,Wisła Płock,1–0,Nieciecza,4898,Stadion im. Kazimierza Górskiego,Jarosław Przybył,Match Report,
Regular Season,11,Sun,2017-10-01,18:00,Lech Poznań,3–0,Legia Warsaw,36829,INEA stadion,Szymon Marciniak,Match Report,
,,,,,,,,,,,,
Regular Season,12,Fri,2017-10-13,18:00,Korona Kielce,2–0,Wisła Płock,6069,Kolporter Arena,Tomasz Kwiatkowski,Match Report,
Regular Season,12,Fri,2017-10-13,20:30,Jagiellonia,1–1,Lech Poznań,12156,Stadion Miejski,Szymon Marciniak,Match Report,
Regular Season,12,Sat,2017-10-14,15:30,Piast Gliwice,2–2,Nowy Sącz,4248,Stadion Miejski,Jarosław Przybył,Match Report,
Regular Season,12,Sat,2017-10-14,18:00,Nieciecza,1–1,Arka Gdynia,2155,Stadion Bruk-Bet,Mariusz Zlotek,Match Report,
Regular Season,12,Sat,2017-10-14,20:30,Śląsk Wrocław,0–2,Wisła Kraków,21503,Stadion Miejski,Paweł Raczkowski,Match Report,
Regular Season,12,Sun,2017-10-15,15:30,Zagłębie Lubin,3–2,Górnik Zabrze,11256,Stadion Zagłębia Lubin,Tomasz Musiał,Match Report,
Regular Season,12,Sun,2017-10-15,18:00,Legia Warsaw,1–0,Lechia Gdańsk,18574,Stadion Miejski Legii Warszawa im. Marsz...,Daniel Stefański,Match Report,
Regular Season,12,Mon,2017-10-16,18:00,Cracovia,3–0,Pogoń Szczecin,5759,Stadion Cracovii,Bartosz Frankowski,Match Report,
,,,,,,,,,,,,
Regular Season,13,Fri,2017-10-20,18:00,Zagłębie Lubin,2–2,Piast Gliwice,6021,Stadion Zagłębia Lubin,Paweł Gil,Match Report,
Regular Season,13,Fri,2017-10-20,20:30,Górnik Zabrze,3–3,Korona Kielce,22708,Arena Zabrze,Tomasz Kwiatkowski,Match Report,
Regular Season,13,Sat,2017-10-21,15:30,Nowy Sącz,1–1,Cracovia,2983,Stadion im. Ojca Władysława Augustynka,Yusuke Araki,Match Report,
Regular Season,13,Sat,2017-10-21,18:00,Pogoń Szczecin,2–3,Nieciecza,3146,Stadion Miejski im. Floriana Krygiera,Paweł Raczkowski,Match Report,
Regular Season,13,Sat,2017-10-21,20:30,Lechia Gdańsk,3–3,Lech Poznań,13493,Stadion Energa Gdańsk,Tomasz Musiał,Match Report,
Regular Season,13,Sun,2017-10-22,15:30,Arka Gdynia,4–1,Jagiellonia,11097,Stadion GOSiR,Jarosław Przybył,Match Report,
Regular Season,13,Sun,2017-10-22,18:00,Wisła Kraków,0–1,Legia Warsaw,33000,Stadion Miejski im. Henryka Reymana,Bartosz Frankowski,Match Report,
Regular Season,13,Mon,2017-10-23,18:00,Wisła Płock,4–1,Śląsk Wrocław,3613,Stadion im. Kazimierza Górskiego,Krzysztof Jakubik,Match Report,
,,,,,,,,,,,,
Regular Season,14,Fri,2017-10-27,18:00,Śląsk Wrocław,3–0,Pogoń Szczecin,12445,Stadion Miejski,Tomasz Kwiatkowski,Match Report,
Regular Season,14,Fri,2017-10-27,20:30,Lech Poznań,1–1,Wisła Kraków,26361,INEA stadion,Daniel Stefański,Match Report,
Regular Season,14,Sat,2017-10-28,15:30,Piast Gliwice,2–1,Wisła Płock,3784,Stadion Miejski,Yusuke Araki,Match Report,
Regular Season,14,Sat,2017-10-28,18:00,Cracovia,1–1,Nieciecza,6431,Stadion Cracovii,Zbigniew Dobrynin,Match Report,
Regular Season,14,Sat,2017-10-28,20:30,Nowy Sącz,1–2,Górnik Zabrze,1448,Stadion im. Ojca Władysława Augustynka,Paweł Gil,Match Report,
Regular Season,14,Sun,2017-10-29,15:30,Jagiellonia,3–1,Zagłębie Lubin,8375,Stadion Miejski,Szymon Marciniak,Match Report,
Regular Season,14,Sun,2017-10-29,18:00,Legia Warsaw,2–0,Arka Gdynia,14428,Stadion Miejski Legii Warszawa im. Marsz...,Mariusz Zlotek,Match Report,
Regular Season,14,Mon,2017-10-30,18:00,Lechia Gdańsk,0–5,Korona Kielce,7066,Stadion Energa Gdańsk,Krzysztof Jakubik,Match Report,
,,,,,,,,,,,,
Regular Season,15,Fri,2017-11-03,18:00,Korona Kielce,3–0,Śląsk Wrocław,8147,Kolporter Arena,Zbigniew Dobrynin,Match Report,
Regular Season,15,Fri,2017-11-03,20:30,Arka Gdynia,0–1,Lechia Gdańsk,14113,Stadion GOSiR,Daniel Stefański,Match Report,
Regular Season,15,Sat,2017-11-04,15:30,Wisła Płock,1–2,Jagiellonia,4111,Stadion im. Kazimierza Górskiego,Mariusz Zlotek,Match Report,
Regular Season,15,Sat,2017-11-04,18:00,Wisła Kraków,3–0,Nowy Sącz,4111,Stadion Miejski im. Henryka Reymana,Krzysztof Jakubik,Match Report,
Regular Season,15,Sat,2017-11-04,20:30,Górnik Zabrze,3–1,Lech Poznań,24563,Arena Zabrze,Bartosz Frankowski,Match Report,
Regular Season,15,Sun,2017-11-05,15:30,Zagłębie Lubin,1–2,Cracovia,5219,Stadion Zagłębia Lubin,Jarosław Przybył,Match Report,
Regular Season,15,Sun,2017-11-05,15:30,Nieciecza,2–1,Piast Gliwice,2612,Stadion Bruk-Bet,Szymon Marciniak,Match Report,
Regular Season,15,Sun,2017-11-05,18:00,Pogoń Szczecin,1–3,Legia Warsaw,6192,Stadion Miejski im. Floriana Krygiera,Tomasz Musiał,Match Report,
,,,,,,,,,,,,
Regular Season,16,Fri,2017-11-17,18:00,Jagiellonia,0–0,Nieciecza,6973,Stadion Miejski,Paweł Raczkowski,Match Report,
Regular Season,16,Fri,2017-11-17,20:30,Wisła Kraków,1–0,Pogoń Szczecin,11398,Stadion Miejski im. Henryka Reymana,Paweł Gil,Match Report,
Regular Season,16,Sat,2017-11-18,15:30,Piast Gliwice,1–0,Cracovia,4297,Stadion Miejski,Daniel Stefański,Match Report,
Regular Season,16,Sat,2017-11-18,18:00,Nowy Sącz,0–0,Lech Poznań,2544,Stadion im. Ojca Władysława Augustynka,Krzysztof Jakubik,Match Report,
Regular Season,16,Sat,2017-11-18,20:30,Lechia Gdańsk,3–0,Wisła Płock,7670,Stadion Energa Gdańsk,Tomasz Kwiatkowski,Match Report,
Regular Season,16,Sun,2017-11-19,15:30,Śląsk Wrocław,1–2,Arka Gdynia,8421,Stadion Miejski,Piotr Lasyk,Match Report,
Regular Season,16,Sun,2017-11-19,18:00,Legia Warsaw,1–0,Górnik Zabrze,24981,Stadion Miejski Legii Warszawa im. Marsz...,Jarosław Przybył,Match Report,
Regular Season,16,Mon,2017-11-20,18:00,Zagłębie Lubin,0–0,Korona Kielce,3784,Stadion Zagłębia Lubin,Tomasz Musiał,Match Report,
,,,,,,,,,,,,
Regular Season,17,Fri,2017-11-24,18:00,Cracovia,2–1,Lechia Gdańsk,5611,Stadion Cracovii,Piotr Lasyk,Match Report,
Regular Season,17,Fri,2017-11-24,20:30,Górnik Zabrze,3–1,Jagiellonia,22708,Arena Zabrze,Krzysztof Jakubik,Match Report,
Regular Season,17,Sat,2017-11-25,16:00,Pogoń Szczecin,2–2,Piast Gliwice,1611,Stadion Miejski im. Floriana Krygiera,Łukasz Szczech,Match Report,
Regular Season,17,Sat,2017-11-25,18:00,Arka Gdynia,5–0,Nowy Sącz,5064,Stadion GOSiR,Zbigniew Dobrynin,Match Report,
Regular Season,17,Sat,2017-11-25,20:30,Korona Kielce,3–2,Legia Warsaw,15200,Kolporter Arena,Mariusz Zlotek,Match Report,
Regular Season,17,Sun,2017-11-26,15:30,Lech Poznań,2–1,Wisła Płock,13587,INEA stadion,Tomasz Musiał,Match Report,
Regular Season,17,Sun,2017-11-26,18:00,Śląsk Wrocław,1–0,Zagłębie Lubin,10057,Stadion Miejski,Bartosz Frankowski,Match Report,
Regular Season,17,Mon,2017-11-27,18:00,Nieciecza,3–3,Wisła Kraków,4510,Stadion Bruk-Bet,Tomasz Kwiatkowski,Match Report,
,,,,,,,,,,,,
Regular Season,18,Fri,2017-12-01,18:00,Jagiellonia,1–0,Pogoń Szczecin,4111,Stadion Miejski,Jarosław Przybył,Match Report,
Regular Season,18,Fri,2017-12-01,20:30,Lechia Gdańsk,3–1,Śląsk Wrocław,8313,Stadion Energa Gdańsk,Szymon Marciniak,Match Report,
Regular Season,18,Sat,2017-12-02,15:30,Wisła Płock,2–0,Arka Gdynia,2883,Stadion im. Kazimierza Górskiego,Paweł Gil,Match Report,
Regular Season,18,Sat,2017-12-02,18:00,Zagłębie Lubin,4–2,Nieciecza,2447,Stadion Zagłębia Lubin,Mariusz Zlotek,Match Report,
Regular Season,18,Sat,2017-12-02,20:30,Nowy Sącz,2–2,Legia Warsaw,2619,Stadion im. Ojca Władysława Augustynka,Tomasz Musiał,Match Report,
Regular Season,18,Sun,2017-12-03,15:30,Piast Gliwice,0–0,Lech Poznań,4560,Stadion Miejski,Bartosz Frankowski,Match Report,
Regular Season,18,Sun,2017-12-03,18:00,Wisła Kraków,2–3,Górnik Zabrze,16808,Stadion Miejski im. Henryka Reymana,Daniel Stefański,Match Report,
Regular Season,18,Mon,2017-12-04,18:00,Cracovia,2–2,Korona Kielce,5660,Stadion Cracovii,Paweł Raczkowski,Match Report,
,,,,,,,,,,,,
Regular Season,19,Fri,2017-12-08,18:00,Nowy Sącz,0–1,Jagiellonia,724,Stadion im. Ojca Władysława Augustynka,Daniel Stefański,Match Report,
Regular Season,19,Fri,2017-12-08,20:30,Górnik Zabrze,1–1,Lechia Gdańsk,20163,Arena Zabrze,Zbigniew Dobrynin,Match Report,
Regular Season,19,Sat,2017-12-09,15:30,Śląsk Wrocław,2–2,Piast Gliwice,5645,Stadion Miejski,Dominik Sulikowski,Match Report,
Regular Season,19,Sat,2017-12-09,18:00,Korona Kielce,0–3,Arka Gdynia,7713,Kolporter Arena,Krzysztof Jakubik,Match Report,
Regular Season,19,Sat,2017-12-09,20:30,Legia Warsaw,3–0,Nieciecza,11388,Stadion Miejski Legii Warszawa im. Marsz...,Piotr Lasyk,Match Report,
Regular Season,19,Sun,2017-12-10,15:30,Pogoń Szczecin,3–3,Zagłębie Lubin,2634,Stadion Miejski im. Floriana Krygiera,Tomasz Kwiatkowski,Match Report,
Regular Season,19,Sun,2017-12-10,15:30,Wisła Kraków,0–1,Wisła Płock,10141,Stadion Miejski im. Henryka Reymana,Bartosz Frankowski,Match Report,
Regular Season,19,Sun,2017-12-10,18:00,Lech Poznań,1–0,Cracovia,20692,INEA stadion,Mariusz Zlotek,Match Report,
,,,,,,,,,,,,
Regular Season,20,Tue,2017-12-12,18:00,Jagiellonia,5–1,Korona Kielce,4774,Stadion Miejski,Tomasz Musiał,Match Report,
Regular Season,20,Tue,2017-12-12,18:00,Piast Gliwice,0–1,Legia Warsaw,5243,Stadion Miejski,Szymon Marciniak,Match Report,
Regular Season,20,Tue,2017-12-12,20:30,Nieciecza,2–1,Śląsk Wrocław,2009,Stadion Bruk-Bet,Paweł Raczkowski,Match Report,
Regular Season,20,Tue,2017-12-12,20:30,Arka Gdynia,1–0,Górnik Zabrze,6923,Stadion GOSiR,Paweł Gil,Match Report,
Regular Season,20,Wed,2017-12-13,18:00,Zagłębie Lubin,0–0,Lech Poznań,7629,Stadion Zagłębia Lubin,Jarosław Przybył,Match Report,
Regular Season,20,Wed,2017-12-13,18:00,Lechia Gdańsk,1–3,Pogoń Szczecin,9548,Stadion Energa Gdańsk,Zbigniew Dobrynin,Match Report,
Regular Season,20,Wed,2017-12-13,20:30,Cracovia,1–4,Wisła Kraków,14000,Stadion Cracovii,Krzysztof Jakubik,Match Report,
Regular Season,20,Wed,2017-12-13,20:30,Wisła Płock,2–2,Nowy Sącz,1719,Stadion im. Kazimierza Górskiego,Łukasz Szczech,Match Report,
,,,,,,,,,,,,
Regular Season,21,Fri,2017-12-15,18:00,Korona Kielce,1–1,Piast Gliwice,5277,Kolporter Arena,Mariusz Zlotek,Match Report,
Regular Season,21,Fri,2017-12-15,20:30,Śląsk Wrocław,1–0,Jagiellonia,4504,Stadion Miejski,Daniel Stefański,Match Report,
Regular Season,21,Sat,2017-12-16,15:30,Pogoń Szczecin,1–0,Arka Gdynia,3587,Stadion Miejski im. Floriana Krygiera,Krzysztof Jakubik,Match Report,
Regular Season,21,Sat,2017-12-16,18:00,Nowy Sącz,2–2,Lechia Gdańsk,834,Stadion im. Ojca Władysława Augustynka,Paweł Raczkowski,Match Report,
Regular Season,21,Sat,2017-12-16,20:30,Legia Warsaw,0–2,Wisła Płock,13721,Stadion Miejski Legii Warszawa im. Marsz...,Tomasz Musiał,Match Report,
Regular Season,21,Sun,2017-12-17,15:30,Lech Poznań,3–1,Nieciecza,8102,INEA stadion,Paweł Gil,Match Report,
Regular Season,21,Sun,2017-12-17,18:00,Wisła Kraków,1–2,Zagłębie Lubin,10515,Stadion Miejski im. Henryka Reymana,Tomasz Kwiatkowski,Match Report,
Regular Season,21,Mon,2017-12-18,18:00,Górnik Zabrze,0–4,Cracovia,17873,Arena Zabrze,Bartosz Frankowski,Match Report,
,,,,,,,,,,,,
Regular Season,22,Fri,2018-02-09,18:00,Wisła Płock,4–2,Górnik Zabrze,4367,Stadion im. Kazimierza Górskiego,Tomasz Musiał,Match Report,
Regular Season,22,Fri,2018-02-09,20:30,Zagłębie Lubin,2–3,Legia Warsaw,9655,Stadion Zagłębia Lubin,Mariusz Zlotek,Match Report,
Regular Season,22,Sat,2018-02-10,15:30,Pogoń Szczecin,4–1,Nowy Sącz,4895,Stadion Miejski im. Floriana Krygiera,Paweł Gil,Match Report,
Regular Season,22,Sat,2018-02-10,18:00,Cracovia,2–1,Śląsk Wrocław,450,Stadion Cracovii,Paweł Raczkowski,Match Report,
Regular Season,22,Sat,2018-02-10,20:30,Lechia Gdańsk,1–1,Wisła Kraków,7915,Stadion Energa Gdańsk,Daniel Stefański,Match Report,
Regular Season,22,Sun,2018-02-11,15:30,Nieciecza,0–3,Korona Kielce,2128,Stadion Bruk-Bet,Tomasz Kwiatkowski,Match Report,
Regular Season,22,Sun,2018-02-11,18:00,Arka Gdynia,0–0,Lech Poznań,12568,Stadion GOSiR,Bartosz Frankowski,Match Report,
Regular Season,22,Mon,2018-02-12,18:00,Piast Gliwice,0–2,Jagiellonia,3174,Stadion Miejski,Szymon Marciniak,Match Report,
,,,,,,,,,,,,
Regular Season,23,Fri,2018-02-16,18:00,Nowy Sącz,3–3,Korona Kielce,1252,Stadion im. Ojca Władysława Augustynka,Krzysztof Jakubik,Match Report,
Regular Season,23,Fri,2018-02-16,20:30,Legia Warsaw,4–1,Śląsk Wrocław,23720,Stadion Miejski Legii Warszawa im. Marsz...,Jarosław Przybył,Match Report,
Regular Season,23,Sat,2018-02-17,15:30,Wisła Płock,2–0,Zagłębie Lubin,4011,Stadion im. Kazimierza Górskiego,Piotr Lasyk,Match Report,
Regular Season,23,Sat,2018-02-17,18:00,Jagiellonia,1–0,Cracovia,9090,Stadion Miejski,Tomasz Kwiatkowski,Match Report,
Regular Season,23,Sat,2018-02-17,20:30,Wisła Kraków,3–2,Arka Gdynia,10027,Stadion Miejski im. Henryka Reymana,Szymon Marciniak,Match Report,
Regular Season,23,Sun,2018-02-18,15:30,Lechia Gdańsk,0–2,Piast Gliwice,7139,Stadion Energa Gdańsk,Paweł Gil,Match Report,
Regular Season,23,Sun,2018-02-18,18:00,Lech Poznań,2–0,Pogoń Szczecin,14348,INEA stadion,Paweł Raczkowski,Match Report,
Regular Season,23,Mon,2018-02-19,18:00,Górnik Zabrze,3–0,Nieciecza,12234,Arena Zabrze,Bartosz Frankowski,Match Report,
,,,,,,,,,,,,
Regular Season,24,Fri,2018-02-23,18:00,Zagłębie Lubin,0–0,Arka Gdynia,3032,Stadion Zagłębia Lubin,Daniel Stefański,Match Report,
Regular Season,24,Fri,2018-02-23,20:30,Jagiellonia,4–1,Lechia Gdańsk,5942,Stadion Miejski,Tomasz Musiał,Match Report,
Regular Season,24,Sat,2018-02-24,15:30,Nieciecza,1–0,Nowy Sącz,1658,Stadion Bruk-Bet,Szymon Marciniak,Match Report,
Regular Season,24,Sat,2018-02-24,18:00,Pogoń Szczecin,2–1,Wisła Płock,3688,Stadion Miejski im. Floriana Krygiera,Jarosław Przybył,Match Report,
Regular Season,24,Sat,2018-02-24,20:30,Cracovia,0–0,Legia Warsaw,2152,Stadion Cracovii,Bartosz Frankowski,Match Report,
Regular Season,24,Sun,2018-02-25,15:30,Piast Gliwice,0–0,Wisła Kraków,3396,Stadion Miejski,Zbigniew Dobrynin,Match Report,
Regular Season,24,Sun,2018-02-25,15:30,Śląsk Wrocław,1–1,Górnik Zabrze,9960,Stadion Miejski,Krzysztof Jakubik,Match Report,
Regular Season,24,Sun,2018-02-25,18:00,Korona Kielce,1–0,Lech Poznań,6853,Kolporter Arena,Mariusz Zlotek,Match Report,
,,,,,,,,,,,,
Regular Season,25,Tue,2018-02-27,18:00,Lechia Gdańsk,2–2,Nieciecza,2235,Stadion Energa Gdańsk,Tomasz Kwiatkowski,Match Report,
Regular Season,25,Tue,2018-02-27,18:00,Wisła Płock,0–1,Cracovia,899,Stadion im. Kazimierza Górskiego,Dominik Sulikowski,Match Report,
Regular Season,25,Tue,2018-02-27,20:30,Legia Warsaw,0–2,Jagiellonia,12939,Stadion Miejski Legii Warszawa im. Marsz...,Daniel Stefański,Match Report,
Regular Season,25,Tue,2018-02-27,20:30,Nowy Sącz,0–1,Zagłębie Lubin,312,Stadion im. Ojca Władysława Augustynka,Łukasz Szczech,Match Report,
Regular Season,25,Wed,2018-02-28,18:00,Wisła Kraków,1–1,Korona Kielce,4022,Stadion Miejski im. Henryka Reymana,Piotr Lasyk,Match Report,
Regular Season,25,Wed,2018-02-28,18:00,Górnik Zabrze,0–0,Pogoń Szczecin,6254,Arena Zabrze,Krzysztof Jakubik,Match Report,
Regular Season,25,Wed,2018-02-28,20:30,Arka Gdynia,0–0,Piast Gliwice,3074,Stadion GOSiR,Jarosław Przybył,Match Report,
Regular Season,25,Wed,2018-02-28,20:30,Lech Poznań,2–1,Śląsk Wrocław,4376,INEA stadion,Bartosz Frankowski,Match Report,
,,,,,,,,,,,,
Regular Season,26,Fri,2018-03-02,18:00,Nieciecza,1–2,Wisła Płock,919,Stadion Bruk-Bet,Paweł Gil,Match Report,
Regular Season,26,Fri,2018-03-02,20:30,Zagłębie Lubin,0–0,Lechia Gdańsk,1821,Stadion Zagłębia Lubin,Paweł Raczkowski,Match Report,
Regular Season,26,Sat,2018-03-03,15:30,Śląsk Wrocław,0–0,Nowy Sącz,4406,Stadion Miejski,Mariusz Zlotek,Match Report,
Regular Season,26,Sat,2018-03-03,18:00,Korona Kielce,0–0,Pogoń Szczecin,4812,Kolporter Arena,Tomasz Musiał,Match Report,
Regular Season,26,Sat,2018-03-03,20:30,Piast Gliwice,0–3,Górnik Zabrze,5579,Stadion Miejski,Daniel Stefański,Match Report,Match awarded to Górnik Zabrze
Regular Season,26,Sun,2018-03-04,15:30,Cracovia,2–1,Arka Gdynia,2054,Stadion Cracovii,Tomasz Kwiatkowski,Match Report,
Regular Season,26,Sun,2018-03-04,18:00,Legia Warsaw,2–1,Lech Poznań,22892,Stadion Miejski Legii Warszawa im. Marsz...,Szymon Marciniak,Match Report,
Regular Season,26,Mon,2018-03-05,18:00,Jagiellonia,2–0,Wisła Kraków,7414,Stadion Miejski,Krzysztof Jakubik,Match Report,
,,,,,,,,,,,,
Regular Season,27,Fri,2018-03-09,18:00,Górnik Zabrze,2–2,Zagłębie Lubin,12638,Arena Zabrze,Tomasz Kwiatkowski,Match Report,
Regular Season,27,Fri,2018-03-09,20:30,Wisła Kraków,3–1,Śląsk Wrocław,10224,Stadion Miejski im. Henryka Reymana,Daniel Stefański,Match Report,
Regular Season,27,Sat,2018-03-10,15:30,Nowy Sącz,0–3,Piast Gliwice,682,Stadion im. Ojca Władysława Augustynka,Bartosz Frankowski,Match Report,
Regular Season,27,Sat,2018-03-10,18:00,Pogoń Szczecin,0–3,Cracovia,6101,Stadion Miejski im. Floriana Krygiera,Paweł Raczkowski,Match Report,
Regular Season,27,Sat,2018-03-10,20:30,Wisła Płock,2–0,Korona Kielce,4097,Stadion im. Kazimierza Górskiego,Łukasz Szczech,Match Report,
Regular Season,27,Sun,2018-03-11,15:30,Lech Poznań,5–1,Jagiellonia,28587,INEA stadion,Tomasz Musiał,Match Report,
Regular Season,27,Sun,2018-03-11,18:00,Lechia Gdańsk,1–3,Legia Warsaw,12021,Stadion Energa Gdańsk,Jarosław Przybył,Match Report,
Regular Season,27,Mon,2018-03-12,18:00,Arka Gdynia,4–0,Nieciecza,4546,Stadion GOSiR,Szymon Marciniak,Match Report,
,,,,,,,,,,,,
Regular Season,28,Fri,2018-03-16,18:00,Piast Gliwice,0–0,Zagłębie Lubin,5397,Stadion Miejski,Łukasz Szczech,Match Report,
Regular Season,28,Fri,2018-03-16,20:30,Lech Poznań,3–0,Lechia Gdańsk,14104,INEA stadion,Daniel Stefański,Match Report,
Regular Season,28,Sat,2018-03-17,15:30,Nieciecza,2–4,Pogoń Szczecin,1253,Stadion Bruk-Bet,Jarosław Przybył,Match Report,
Regular Season,28,Sat,2018-03-17,18:00,Jagiellonia,3–2,Arka Gdynia,8787,Stadion Miejski,Mariusz Zlotek,Match Report,
Regular Season,28,Sat,2018-03-17,20:30,Korona Kielce,2–2,Górnik Zabrze,5791,Kolporter Arena,Krzysztof Jakubik,Match Report,
Regular Season,28,Sun,2018-03-18,15:30,Cracovia,2–1,Nowy Sącz,1783,Stadion Cracovii,Zbigniew Dobrynin,Match Report,
Regular Season,28,Sun,2018-03-18,15:30,Śląsk Wrocław,1–1,Wisła Płock,4207,Stadion Miejski,Tomasz Kwiatkowski,Match Report,
Regular Season,28,Sun,2018-03-18,18:00,Legia Warsaw,0–2,Wisła Kraków,20175,Stadion Miejski Legii Warszawa im. Marsz...,Bartosz Frankowski,Match Report,
,,,,,,,,,,,,
Regular Season,29,Sat,2018-03-31,15:30,Nieciecza,2–0,Cracovia,2510,Stadion Bruk-Bet,Paweł Raczkowski,Match Report,
Regular Season,29,Sat,2018-03-31,15:30,Górnik Zabrze,2–2,Nowy Sącz,13101,Arena Zabrze,Szymon Marciniak,Match Report,
Regular Season,29,Sat,2018-03-31,18:00,Korona Kielce,1–0,Lechia Gdańsk,7788,Kolporter Arena,Tomasz Kwiatkowski,Match Report,
Regular Season,29,Sat,2018-03-31,20:30,Arka Gdynia,1–0,Legia Warsaw,11762,Stadion GOSiR,Tomasz Musiał,Match Report,
Regular Season,29,Mon,2018-04-02,15:30,Wisła Płock,1–0,Piast Gliwice,2718,Stadion im. Kazimierza Górskiego,Mariusz Zlotek,Match Report,
Regular Season,29,Mon,2018-04-02,15:30,Zagłębie Lubin,1–0,Jagiellonia,4126,Stadion Zagłębia Lubin,Paweł Gil,Match Report,
Regular Season,29,Mon,2018-04-02,18:00,Wisła Kraków,1–3,Lech Poznań,20053,Stadion Miejski im. Henryka Reymana,Jarosław Przybył,Match Report,
Regular Season,29,Mon,2018-04-02,18:00,Pogoń Szczecin,3–2,Śląsk Wrocław,5524,Stadion Miejski im. Floriana Krygiera,Dominik Sulikowski,Match Report,
,,,,,,,,,,,,
Regular Season,30,Sat,2018-04-07,18:00,Legia Warsaw,3–0,Pogoń Szczecin,25115,Stadion Miejski Legii Warszawa im. Marsz...,Mariusz Zlotek,Match Report,
Regular Season,30,Sat,2018-04-07,18:00,Nowy Sącz,0–0,Wisła Kraków,1684,Stadion im. Ojca Władysława Augustynka,Łukasz Szczech,Match Report,
Regular Season,30,Sat,2018-04-07,18:00,Cracovia,2–2,Zagłębie Lubin,2238,Stadion Cracovii,Krzysztof Jakubik,Match Report,
Regular Season,30,Sat,2018-04-07,18:00,Śląsk Wrocław,1–1,Korona Kielce,9156,Stadion Miejski,Zbigniew Dobrynin,Match Report,
Regular Season,30,Sat,2018-04-07,18:00,Lech Poznań,3–1,Górnik Zabrze,36941,INEA stadion,Bartosz Frankowski,Match Report,
Regular Season,30,Sat,2018-04-07,18:00,Piast Gliwice,1–1,Nieciecza,4211,Stadion Miejski,Tomasz Musiał,Match Report,
Regular Season,30,Sat,2018-04-07,18:00,Jagiellonia,1–3,Wisła Płock,14094,Stadion Miejski,Daniel Stefański,Match Report,
Regular Season,30,Sat,2018-04-07,18:00,Lechia Gdańsk,4–2,Arka Gdynia,22871,Stadion Energa Gdańsk,Tomasz Kwiatkowski,Match Report,
,,,,,,,,,,,,
Relegation round,1,Fri,2018-04-13,18:00,Arka Gdynia,1–2,Lechia Gdańsk,11876,Stadion GOSiR,Paweł Raczkowski,Match Report,
Championship round,1,Fri,2018-04-13,20:30,Lech Poznań,0–1,Korona Kielce,20054,INEA stadion,Krzysztof Jakubik,Match Report,
Relegation round,1,Sat,2018-04-14,15:30,Cracovia,2–1,Piast Gliwice,2147,Stadion Cracovii,Paweł Gil,Match Report,
Championship round,1,Sat,2018-04-14,18:00,Jagiellonia,1–2,Górnik Zabrze,11098,Stadion Miejski,Tomasz Kwiatkowski,Match Report,
Championship round,1,Sat,2018-04-14,20:30,Legia Warsaw,0–1,Zagłębie Lubin,15873,Stadion Miejski Legii Warszawa im. Marsz...,Tomasz Musiał,Match Report,
Relegation round,1,Sun,2018-04-15,15:30,Pogoń Szczecin,2–0,Nieciecza,6592,Stadion Miejski im. Floriana Krygiera,Bartosz Frankowski,Match Report,
Relegation round,1,Sun,2018-04-15,18:00,Śląsk Wrocław,1–0,Nowy Sącz,6245,Stadion Miejski,Piotr Lasyk,Match Report,
Championship round,1,Mon,2018-04-16,18:00,Wisła Płock,2–2,Wisła Kraków,7012,Stadion im. Kazimierza Górskiego,Artur Aluszyk,Match Report,
,,,,,,,,,,,,
Relegation round,2,Fri,2018-04-20,18:00,Nieciecza,1–2,Śląsk Wrocław,2723,Stadion Bruk-Bet,Zbigniew Dobrynin,Match Report,
Championship round,2,Fri,2018-04-20,20:30,Zagłębie Lubin,0–1,Lech Poznań,12721,Stadion Zagłębia Lubin,Daniel Stefański,Match Report,
Relegation round,2,Sat,2018-04-21,15:30,Piast Gliwice,0–0,Pogoń Szczecin,3249,Stadion Miejski,Krzysztof Jakubik,Match Report,
Championship round,2,Sat,2018-04-21,18:00,Górnik Zabrze,0–1,Wisła Płock,14891,Arena Zabrze,Tomasz Musiał,Match Report,
Championship round,2,Sat,2018-04-21,20:30,Korona Kielce,0–3,Jagiellonia,7510,Kolporter Arena,Paweł Raczkowski,Match Report,
Relegation round,2,Sun,2018-04-22,15:30,Nowy Sącz,3–1,Arka Gdynia,807,Stadion Bruk-Bet,Jarosław Przybył,Match Report,
Championship round,2,Sun,2018-04-22,18:00,Wisła Kraków,0–1,Legia Warsaw,23156,Stadion Miejski im. Henryka Reymana,Mariusz Zlotek,Match Report,
Relegation round,2,Mon,2018-04-23,18:00,Lechia Gdańsk,0–0,Cracovia,8722,Stadion Energa Gdańsk,Tomasz Kwiatkowski,Match Report,
,,,,,,,,,,,,
Relegation round,3,Fri,2018-04-27,18:00,Arka Gdynia,1–5,Piast Gliwice,4666,Stadion GOSiR,Paweł Raczkowski,Match Report,
Championship round,3,Fri,2018-04-27,20:30,Legia Warsaw,3–1,Korona Kielce,16865,Stadion Miejski Legii Warszawa im. Marsz...,Piotr Lasyk,Match Report,
Championship round,3,Sat,2018-04-28,15:30,Wisła Płock,1–2,Zagłębie Lubin,7119,Stadion im. Kazimierza Górskiego,Krzysztof Jakubik,Match Report,
Relegation round,3,Sat,2018-04-28,18:00,Pogoń Szczecin,2–0,Nowy Sącz,15288,Stadion Miejski im. Floriana Krygiera,Tomasz Kwiatkowski,Match Report,
Championship round,3,Sat,2018-04-28,20:30,Lech Poznań,2–4,Górnik Zabrze,28629,INEA stadion,Bartosz Frankowski,Match Report,
Relegation round,3,Sun,2018-04-29,15:30,Cracovia,4–2,Nieciecza,2263,Stadion Cracovii,Mariusz Zlotek,Match Report,
Championship round,3,Sun,2018-04-29,18:00,Jagiellonia,0–1,Wisła Kraków,15534,Stadion Miejski,Daniel Stefański,Match Report,
Relegation round,3,Mon,2018-04-30,18:00,Śląsk Wrocław,3–1,Lechia Gdańsk,14314,Stadion Miejski,Paweł Gil,Match Report,
,,,,,,,,,,,,
Relegation round,4,Fri,2018-05-04,18:00,Cracovia,3–3,Śląsk Wrocław,2159,Stadion Cracovii,Daniel Stefański,Match Report,
Relegation round,4,Fri,2018-05-04,20:30,Lechia Gdańsk,0–1,Nieciecza,9411,Stadion Energa Gdańsk,Szymon Marciniak,Match Report,
Relegation round,4,Sat,2018-05-05,15:30,Nowy Sącz,2–1,Piast Gliwice,1374,Stadion Bruk-Bet,Krzysztof Jakubik,Match Report,
Relegation round,4,Sat,2018-05-05,18:00,Pogoń Szczecin,3–2,Arka Gdynia,10199,Stadion Miejski im. Floriana Krygiera,Mariusz Zlotek,Match Report,
Championship round,4,Sat,2018-05-05,20:30,Wisła Płock,0–0,Lech Poznań,10021,Stadion im. Kazimierza Górskiego,Tomasz Kwiatkowski,Match Report,
Championship round,4,Sun,2018-05-06,15:30,Korona Kielce,0–3,Wisła Kraków,7867,Kolporter Arena,Łukasz Szczech,Match Report,
Championship round,4,Sun,2018-05-06,15:30,Zagłębie Lubin,0–2,Górnik Zabrze,6125,Stadion Zagłębia Lubin,Paweł Gil,Match Report,
Championship round,4,Sun,2018-05-06,18:00,Jagiellonia,0–0,Legia Warsaw,18763,Stadion Miejski,Tomasz Musiał,Match Report,
,,,,,,,,,,,,
Relegation round,5,Tue,2018-05-08,18:00,Piast Gliwice,0–2,Lechia Gdańsk,3427,Stadion Miejski,Daniel Stefański,Match Report,
Relegation round,5,Tue,2018-05-08,18:00,Nieciecza,1–1,Nowy Sącz,3237,Stadion Bruk-Bet,Szymon Marciniak,Match Report,
Relegation round,5,Tue,2018-05-08,20:30,Arka Gdynia,2–0,Cracovia,3677,Stadion GOSiR,Zbigniew Dobrynin,Match Report,
Relegation round,5,Tue,2018-05-08,20:30,Śląsk Wrocław,2–0,Pogoń Szczecin,5142,Stadion Miejski,Bartosz Frankowski,Match Report,
Championship round,5,Wed,2018-05-09,18:00,Górnik Zabrze,2–2,Korona Kielce,15261,Arena Zabrze,Tomasz Kwiatkowski,Match Report,
Championship round,5,Wed,2018-05-09,18:00,Legia Warsaw,3–2,Wisła Płock,20541,Stadion Miejski Legii Warszawa im. Marsz...,Jarosław Przybył,Match Report,
Championship round,5,Wed,2018-05-09,20:30,Wisła Kraków,3–0,Zagłębie Lubin,7063,Stadion Miejski im. Henryka Reymana,Dominik Sulikowski,Match Report,
Championship round,5,Wed,2018-05-09,20:30,Lech Poznań,0–2,Jagiellonia,24288,INEA stadion,Piotr Lasyk,Match Report,
,,,,,,,,,,,,
Relegation round,6,Sat,2018-05-12,15:30,Pogoń Szczecin,1–1,Lechia Gdańsk,8761,Stadion Miejski im. Floriana Krygiera,Tomasz Kwiatkowski,Match Report,
Relegation round,6,Sat,2018-05-12,15:30,Nowy Sącz,0–1,Cracovia,2353,Stadion Bruk-Bet,Bartosz Frankowski,Match Report,
Relegation round,6,Sat,2018-05-12,15:30,Nieciecza,2–1,Arka Gdynia,2576,Stadion Bruk-Bet,Paweł Raczkowski,Match Report,
Relegation round,6,Sat,2018-05-12,15:30,Śląsk Wrocław,3–1,Piast Gliwice,8533,Stadion Miejski,Tomasz Musiał,Match Report,
Championship round,6,Sun,2018-05-13,18:00,Zagłębie Lubin,1–2,Jagiellonia,3890,Stadion Zagłębia Lubin,Jarosław Przybył,Match Report,
Championship round,6,Sun,2018-05-13,18:00,Wisła Płock,4–1,Korona Kielce,6315,Stadion im. Kazimierza Górskiego,Daniel Stefański,Match Report,
Championship round,6,Sun,2018-05-13,18:00,Legia Warsaw,2–0,Górnik Zabrze,29809,Stadion Miejski Legii Warszawa im. Marsz...,Szymon Marciniak,Match Report,
Championship round,6,Sun,2018-05-13,18:00,Wisła Kraków,1–1,Lech Poznań,20823,Stadion Miejski im. Henryka Reymana,Krzysztof Jakubik,Match Report,
,,,,,,,,,,,,
Relegation round,7,Sat,2018-05-19,18:00,Piast Gliwice,4–0,Nieciecza,6249,Stadion Miejski,Szymon Marciniak,Match Report,
Relegation round,7,Sat,2018-05-19,18:00,Arka Gdynia,0–1,Śląsk Wrocław,6222,Stadion GOSiR,Wojciech Myć,Match Report,
Relegation round,7,Sat,2018-05-19,18:00,Cracovia,1–4,Pogoń Szczecin,2199,Stadion Cracovii,Mariusz Zlotek,Match Report,
Relegation round,7,Sat,2018-05-19,18:00,Lechia Gdańsk,1–1,Nowy Sącz,12080,Stadion Energa Gdańsk,Zbigniew Dobrynin,Match Report,
Championship round,7,Sun,2018-05-20,18:00,Górnik Zabrze,2–0,Wisła Kraków,24563,Arena Zabrze,Jarosław Przybył,Match Report,
Championship round,7,Sun,2018-05-20,18:00,Korona Kielce,0–2,Zagłębie Lubin,6268,Kolporter Arena,Artur Aluszyk,Match Report,
Championship round,7,Sun,2018-05-20,18:00,Jagiellonia,2–1,Wisła Płock,20086,Stadion Miejski,Piotr Lasyk,Match Report,
Championship round,7,Sun,2018-05-20,18:00,Lech Poznań,0–3,Legia Warsaw,,INEA stadion,Daniel Stefański,Match Report,Match awarded to Legia Warsaw